"","within 1","within 2","within 3"
"model",0.399154953867379,0.65629041993619,0.821160644994395
"null",0.533562166285278,0.799347402322231,0.925968302398508
