"","within 1","within 2","within 3"
"model",0.370613089592136,0.625679054927999,0.805466931102871
"null",0.591745063140944,0.826680227137893,0.937155691160268
