"","within 1","within 2","within 3"
"model",0.565232387686471,0.768388376304217,0.893334483055963
"null",0.525595389439783,0.796169166878549,0.923086702262904
