"","within 1","within 2","within 3"
"model",0.790286975717439,0.963944076526858,0.996320824135394
"null",0.506254598969831,0.772626931567329,0.911699779249448
