"","within 1","within 2","within 3"
"model",0.38380615676468,0.649392084159697,0.814003621626283
"null",0.531909483854564,0.805322484956352,0.928002373082465
