"","within 1","within 2","within 3"
"model",0.373631111494352,0.631973786324049,0.821850478572045
"null",0.59551656920078,0.838884651241631,0.943554538520214
