"","within 1","within 2","within 3"
"model",0.546175735103906,0.772354919375701,0.910666551694404
"null",0.504703788456649,0.793457072633274,0.926053055343673
