"","within 1","within 2","within 3"
"model",0.561783219798224,0.765370354402001,0.887729585237561
"null",0.542842613780829,0.80405119077888,0.925798796508179
