"","within 1","within 2","within 3"
"model",0.564283866517203,0.767267396740536,0.890575148745365
"null",0.529197389609289,0.802779896601407,0.926603949487245
