"","within 1","within 2","within 3"
"model",0.563507803742347,0.770544106234371,0.890488919548159
"null",0.524154589371981,0.804093567251462,0.928299008390542
