"","within 1","within 2","within 3"
"model",0.566180908855739,0.764508062429939,0.891351211520221
"null",0.533731672175608,0.802398508348165,0.924018984659717
