"","within 1","within 2","within 3"
"model",0.366991463309477,0.640941622833491,0.815900663964819
"null",0.533350283922366,0.810280532248496,0.930587337909992
