"","within 1","within 2","within 3"
"model",0.539536086919031,0.756488747089765,0.884884021729758
"null",0.526485295364014,0.812356979405034,0.933511314518179
