"","within 1","within 2","within 3"
"model",0.569630076743985,0.769854272656722,0.894455462619643
"null",0.528943130773794,0.795321637426901,0.922662937537079
